step,time,leading_edge,causal_radius,signal_front_max,signal_front_median,tension_front,isotropy_cv,disturbed,energy
1,0.08000,151.0390,139.8000,135.4404,134.8899,136.9421,0.00311,654,317.2283
2,0.16000,153.3982,141.6000,135.6195,135.1724,146.5145,0.01149,665,317.1758
3,0.24000,157.9891,143.4000,135.9696,135.3969,152.7570,0.00547,680,317.0930
4,0.32000,164.2053,145.2000,143.5455,136.4455,155.7525,0.00398,815,316.9869
5,0.40000,167.9577,147.0000,147.8934,146.8116,157.9524,0.00417,1162,316.8661
6,0.48000,170.3901,148.8000,150.7086,149.6728,159.8242,0.00386,1297,316.7405
7,0.56000,173.2211,150.6000,152.7570,152.0016,161.3318,0.00258,1373,316.6202
8,0.64000,175.5218,152.4000,154.1114,153.5158,163.4217,0.00456,1444,316.5147
9,0.72000,177.9844,154.2000,155.7525,154.6100,165.7589,0.00493,1501,316.4322
10,0.80000,181.0768,156.0000,156.8167,156.0684,169.0096,0.00383,1559,316.3787
11,0.88000,184.6074,157.8000,157.9524,156.8452,172.7165,0.00317,1604,316.3578
12,0.96000,187.8919,159.6000,159.6696,158.3934,175.5896,0.00394,1668,316.3701
13,1.04000,190.1183,161.4000,161.4696,160.1577,177.4935,0.00419,1761,316.4136
14,1.12000,192.7664,163.2000,164.5151,162.1944,179.1213,0.00373,1730,316.4835
15,1.20000,194.6783,165.0000,167.0914,165.7039,181.0768,0.00355,1787,316.5729
16,1.28000,196.6706,166.8000,169.8354,168.4426,183.2910,0.00410,1985,316.6735
17,1.36000,199.4265,168.6000,171.6960,170.3481,184.7801,0.00272,2081,316.7762
18,1.44000,201.5844,170.4000,173.5536,172.4608,187.2046,0.00368,2183,316.8720
19,1.52000,204.3076,172.2000,175.8259,174.0329,190.3061,0.00537,2247,316.9528
20,1.60000,207.0986,174.0000,176.9831,175.6135,192.2191,0.00369,2306,317.0121
21,1.68000,209.5409,175.8000,178.4563,177.1602,194.5004,0.00418,2385,317.0455
22,1.76000,212.0646,177.6000,179.7901,178.4257,196.8515,0.00310,2454,317.0511
23,1.84000,213.7016,179.4000,181.9499,180.1233,199.4382,0.00309,2534,317.0293
24,1.92000,215.8290,181.2000,183.2910,182.0244,201.3698,0.00303,2614,316.9833
25,2.00000,218.3010,183.0000,185.5247,183.9167,202.8610,0.00341,2695,316.9182
26,2.08000,220.0965,184.8000,187.8401,186.2405,204.8032,0.00296,2764,316.8409
27,2.16000,222.5608,186.6000,190.3061,188.0637,207.0986,0.00327,2844,316.7589
28,2.24000,224.6734,188.4000,191.7177,190.0586,208.6543,0.00282,2901,316.6801
29,2.32000,227.3376,190.2000,194.0550,192.5999,210.3293,0.00270,2942,316.6117
30,2.40000,229.3632,192.0000,195.4056,194.4261,213.0036,0.00373,2876,316.5600
31,2.48000,232.4460,193.8000,197.7224,195.8512,215.6396,0.00332,2704,316.5293
32,2.56000,234.0937,195.6000,199.4382,197.7010,217.0837,0.00332,2643,316.5219
33,2.64000,236.3944,197.4000,201.3698,199.3102,219.6490,0.00313,2768,316.5377
34,2.72000,238.3898,199.2000,201.9663,200.6927,221.3937,0.00281,2906,316.5746
35,2.80000,240.5866,201.0000,204.7730,202.3891,223.4314,0.00273,3046,316.6285
36,2.88000,243.3181,202.8000,205.3485,204.1800,225.3963,0.00259,3257,316.6938
37,2.96000,244.9487,204.6000,208.4744,206.0937,228.3963,0.00325,3428,316.7638
38,3.04000,247.0346,206.4000,209.6633,207.9083,229.9478,0.00348,3566,316.8318
39,3.12000,249.5655,208.2000,211.8744,209.6388,231.2656,0.00395,3659,316.8911
40,3.20000,251.2025,210.0000,213.4107,212.0636,233.6642,0.00287,3718,316.9363
41,3.28000,253.5649,211.8000,215.6396,213.7599,235.1923,0.00321,3799,316.9634
42,3.36000,255.7387,213.6000,218.3289,215.0785,237.3074,0.00412,3853,316.9702
43,3.44000,257.5219,215.4000,219.2955,217.6422,239.5593,0.00266,3880,316.9563
44,3.52000,259.7650,217.2000,221.0495,219.2172,241.2697,0.00360,3854,316.9237
45,3.60000,261.8294,219.0000,222.1702,220.8452,243.2672,0.00324,3758,316.8759
46,3.68000,263.8684,220.8000,224.4765,222.3799,245.6211,0.00310,3677,316.8178
47,3.76000,266.5377,222.6000,225.4211,224.2504,246.6041,0.00266,3719,316.7553
48,3.84000,268.1701,224.4000,228.3963,225.9685,249.8619,0.00365,3844,316.6946
49,3.92000,270.3715,226.2000,230.2598,228.4358,251.2025,0.00267,3966,316.6416
50,4.00000,272.7030,228.0000,231.2656,229.3698,253.4932,0.00324,3997,316.6013
51,4.08000,274.7881,229.8000,233.6642,231.8417,255.5044,0.00364,3944,316.5775
52,4.16000,276.8213,231.6000,235.1923,233.2974,257.9320,0.00328,3858,316.5723
53,4.24000,279.4844,233.4000,237.0350,235.2873,258.8833,0.00303,3833,316.5858
54,4.32000,280.8663,235.2000,238.2613,236.6821,261.1188,0.00217,3991,316.6166
55,4.40000,282.9058,237.0000,239.9659,238.2497,262.8765,0.00268,4166,316.6616
56,4.48000,285.5098,238.8000,242.0399,240.4972,264.7246,0.00280,4335,316.7162
57,4.56000,286.7046,240.6000,243.3230,242.0957,266.6893,0.00342,4430,316.7750
58,4.64000,288.8941,242.4000,246.4681,243.4375,268.4179,0.00280,4459,316.8325
59,4.72000,291.0496,244.2000,247.2212,245.3504,270.6921,0.00255,4481,316.8832
60,4.80000,293.0406,246.0000,249.8619,246.6472,272.9754,0.00276,4492,316.9225
61,4.88000,294.9004,247.8000,251.2025,249.3785,274.4874,0.00275,4574,316.9469
62,4.96000,297.3245,249.6000,253.4932,250.5822,276.6294,0.00330,4684,316.9543
63,5.04000,299.0996,251.4000,254.9008,252.7127,278.8352,0.00341,4836,316.9444
64,5.12000,301.0943,253.2000,257.9320,254.5953,280.1857,0.00330,4921,316.9185
65,5.20000,303.5099,255.0000,257.9320,256.2156,282.1804,0.00287,4997,316.8795
66,5.28000,305.3223,256.8000,260.3176,257.8303,283.8973,0.00313,4991,316.8312
67,5.36000,307.1577,258.6000,261.6135,259.8683,286.3943,0.00335,4904,316.7786
68,5.44000,310.1505,260.4000,262.8765,261.4607,287.9965,0.00278,4821,316.7266
69,5.52000,312.1177,262.2000,266.0774,263.4283,289.9041,0.00259,4855,316.6802
70,5.60000,313.7129,264.0000,266.6893,264.5423,292.1602,0.00267,4888,316.6435
71,5.68000,315.9172,265.8000,268.0964,266.6364,293.7135,0.00261,4889,316.6196
72,5.76000,317.6142,267.6000,270.6921,268.0730,295.8141,0.00339,4767,316.6105
73,5.84000,319.8331,269.4000,272.9754,269.8526,298.0821,0.00262,4733,316.6162
74,5.92000,321.7431,271.2000,274.4874,272.4410,299.3693,0.00221,4774,316.6357
75,6.00000,323.5704,273.0000,275.4878,273.8672,301.1282,0.00286,4958,316.6662
76,6.08000,326.2523,274.8000,277.2993,275.2158,303.1915,0.00191,5227,316.7043
77,6.16000,327.5255,276.6000,279.8914,277.9115,305.3223,0.00253,5560,316.7456
78,6.24000,329.2506,278.4000,282.1804,279.2825,307.3898,0.00263,5743,316.7856
79,6.32000,331.3178,280.2000,283.3967,280.6898,309.1290,0.00267,5818,316.8200
80,6.40000,333.6355,282.0000,283.8973,282.4037,310.3930,0.00194,5822,316.8452
81,6.48000,336.1263,283.8000,286.3943,284.3494,314.7005,0.00321,5808,316.8587
82,6.56000,337.9475,285.6000,287.9965,285.9184,314.7005,0.00254,5776,316.8592
83,6.64000,340.3839,287.4000,289.2653,287.5052,316.4002,0.00251,5741,316.8468
84,6.72000,342.2366,289.2000,292.1602,289.6983,318.7422,0.00227,5804,316.8230
85,6.80000,344.9631,291.0000,293.5342,291.4703,319.9224,0.00198,5949,316.7905
86,6.88000,346.2166,292.8000,295.8141,292.5699,322.2005,0.00221,6057,316.7531
87,6.96000,347.7023,294.6000,296.7668,294.1675,323.7497,0.00216,6117,316.7148
88,7.04000,349.9877,296.4000,299.3693,297.2036,326.4225,0.00268,6144,316.6801
89,7.12000,352.3415,298.2000,301.0688,298.1228,328.0879,0.00227,6097,316.6529
90,7.20000,353.7151,300.0000,302.5154,299.9294,329.6056,0.00215,6054,316.6365
91,7.28000,355.2682,301.8000,303.1915,301.9294,331.9071,0.00307,5976,316.6331
92,7.36000,357.3583,303.6000,307.3898,303.0655,333.4739,0.00183,5920,316.6435
93,7.44000,360.0082,305.4000,307.4828,305.7069,335.9673,0.00242,5966,316.6672
94,7.52000,362.0605,307.2000,309.1290,307.1996,338.2207,0.00238,6014,316.7023
95,7.60000,363.5513,309.0000,310.3397,308.9545,339.5573,0.00278,6130,316.7456
96,7.68000,365.5708,310.8000,314.7005,310.2577,341.4364,0.00271,6264,316.7931
97,7.76000,367.5862,312.6000,314.7005,312.0393,342.2109,0.00179,6346,316.8404
98,7.84000,369.3617,314.4000,315.5409,313.8255,344.9483,0.00303,6504,316.8828
99,7.92000,371.0782,316.2000,318.2862,315.8341,347.3842,0.00296,6696,316.9160
100,8.00000,373.6304,318.0000,319.9224,317.7750,347.9667,0.00252,6863,316.9367
101,8.08000,375.0109,319.8000,321.7232,318.7869,350.4813,0.00348,7033,316.9426
102,8.16000,377.6941,321.6000,323.7497,321.2495,352.1770,0.00228,7149,316.9327
103,8.24000,379.6051,323.4000,324.8810,322.7632,353.7625,0.00188,7210,316.9076
104,8.32000,381.3466,325.2000,327.2267,323.7331,356.3815,0.00261,7173,316.8693
105,8.40000,383.5424,327.0000,328.0879,326.1413,358.1125,0.00249,7099,316.8209
106,8.48000,384.7675,328.8000,329.6056,327.7073,359.4287,0.00199,6998,316.7667
107,8.56000,387.7227,330.6000,333.4739,330.4228,362.2137,0.00216,6889,316.7114
108,8.64000,389.3319,332.4000,335.1254,332.1756,363.8232,0.00311,6806,316.6601
109,8.72000,391.5952,334.2000,335.9673,333.1721,365.5641,0.00253,6783,316.6171
110,8.80000,393.4807,336.0000,338.2207,334.8327,366.9368,0.00206,6769,316.5865
111,8.88000,395.2275,337.8000,338.2207,336.3399,368.8730,0.00270,6839,316.5709
112,8.96000,396.7888,339.6000,340.5149,338.7586,371.1498,0.00289,7000,316.5718
113,9.04000,398.7302,341.4000,342.1193,340.1971,373.1335,0.00268,7158,316.5890
114,9.12000,400.9445,343.2000,344.4958,341.6920,375.0387,0.00232,7346,316.6210
115,9.20000,403.2732,345.0000,345.2424,343.2700,377.5330,0.00220,7536,316.6649
116,9.28000,404.8001,346.8000,347.3842,344.7161,377.8870,0.00181,7711,316.7168
117,9.36000,407.5450,348.6000,349.8365,347.0734,380.2457,0.00174,7831,316.7720
118,9.44000,408.4853,350.4000,351.5432,348.8990,383.3271,0.00289,7940,316.8257
119,9.52000,410.4096,352.2000,352.1770,350.4861,384.0651,0.00255,7980,316.8731
120,9.60000,412.1625,354.0000,353.7625,351.9254,386.0364,0.00283,7948,316.9102
121,9.68000,414.5035,355.8000,356.3815,353.4624,388.0555,0.00283,7941,316.9339
122,9.76000,416.4893,357.6000,358.1125,355.3439,390.2489,0.00309,7882,316.9422
123,9.84000,418.1038,359.4000,359.4287,357.3665,391.6180,0.00168,7824,316.9348
124,9.92000,420.1602,361.2000,360.9109,358.6752,392.9171,0.00177,7807,316.9124
125,10.00000,422.3692,363.0000,363.8232,360.3062,395.5763,0.00255,7817,316.8776
126,10.08000,423.8218,364.8000,364.2314,362.7966,397.1346,0.00203,7930,316.8335
127,10.16000,426.1588,366.6000,365.9103,363.6451,399.5646,0.00288,8064,316.7844
128,10.24000,427.6752,368.4000,368.8730,365.5902,399.7946,0.00140,8244,316.7346
129,10.32000,430.1142,370.2000,370.6068,367.9977,402.9909,0.00262,8422,316.6888
130,10.40000,432.1203,372.0000,371.1498,368.8844,403.9539,0.00235,8505,316.6508
131,10.48000,433.8753,373.8000,373.3532,371.2115,406.3206,0.00304,8543,316.6238
132,10.56000,435.1649,375.6000,376.6539,373.1341,408.0097,0.00198,8493,316.6101
133,10.64000,437.6227,377.4000,377.5330,374.7701,410.7072,0.00260,8505,316.6104
134,10.72000,439.3705,379.2000,378.9316,376.5905,411.5507,0.00161,8481,316.6243
135,10.80000,441.3554,381.0000,380.2457,378.2792,412.9530,0.00146,8456,316.6502
